Query_ID	Target_ID	Optimal_offset	p-value	E-value	q-value	Overlap	Query_consensus	Target_consensus	Orientation
GATCASS	EXPREG_00001030	14	0.00352444	0.296053	0.555494	7	GATCACC	GAAAATGTGATATTGATCACAACAA	-
GATCASS	EXPREG_00000850	12	0.0111005	0.932446	0.555494	7	GATCACC	AAATGTGATATCGATCACAGAA	-
ASCWGS	EXPREG_000004b0	4	0.0021075	0.17703	0.353721	6	ACCAGG	ACGAAGCAGGGCGGCGGAAATTTA	+
GNCCTTS	EXPREG_00000700	5	0.00112561	0.0945509	0.188921	7	GACCTTG	ATCAAGACCATGCC	-
GNCCTTS	EXPREG_000006f0	20	0.00573476	0.48172	0.481259	7	GACCTTG	ATCCTTCCCAGGTGCATCAAGACCTTGC	+
CYTCGNC	EXPREG_00001670	6	2.71326e-05	0.00227914	0.00455392	7	CCTCGGC	GGATCTCTTCGGCCAGG	+
CGGYGSC	EXPREG_000004b0	8	0.000454208	0.0381535	0.0730478	7	CGGCGGC	TAAATTTCCGCCGGCCTGCTTCGT	-
CGGYGSC	EXPREG_000004d0	1	0.00206968	0.173853	0.166427	7	CGGCGGC	GTGCTGGCAGATCGCCATCATCGC	+
CGGYGSC	EXPREG_00001150	12	0.00394262	0.33118	0.194688	7	CGGCGGC	TAGAACGAATGGCGGGGGCAAATATTTAG	-
CTTCWNC	EXPREG_000004b0	15	0.00734743	0.617184	1	7	CTTCACC	TAAATTTCCGCCGGCCTGCTTCGT	-
CGATCTCS	EXPREG_000004d0	10	0.00123599	0.103823	0.207448	8	CGATCTCG	GCGATGATGGCGATCTGCCAGCAC	-
CGVCAAG	EXPREG_00000c30	1	0.00257652	0.216428	0.242048	7	CGGCAAG	CCAGCAAAC	+
CGVCAAG	EXPREG_00001670	9	0.00290166	0.24374	0.242048	7	CGGCAAG	GGATCTCTTCGGCCAGG	+
CACCRMC	EXPREG_000009d0	2	0.00877575	0.737163	0.944218	7	CACCGCC	TCCCCCTACCGTTCGTCCGCCCGT	+
GCTGVCC	EXPREG_00001670	0	0.000588952	0.0494719	0.0960444	7	GCTGGCC	CCTGGCCGAAGAGATCC	-
GCTGVCC	EXPREG_000004b0	5	0.00552547	0.464139	0.296234	7	GCTGGCC	ACGAAGCAGGGCGGCGGAAATTTA	+
GCTGVCC	EXPREG_000004d0	5	0.00552547	0.464139	0.296234	7	GCTGGCC	GCGATGATGGCGATCTGCCAGCAC	-
GCTGVCC	EXPREG_00000c30	4	0.00956309	0.8033	0.296234	5	GCTGGCC	GTTTGCTGG	-
GCTGVCC	EXPREG_00001770	2	0.0108992	0.915532	0.296234	7	GCTGGCC	GATCCGGCCA	-
AMCGGC	EXPREG_00001770	2	0.00216884	0.182183	0.306399	6	ACCGGC	GATCCGGCCA	-
AMCGGC	EXPREG_00000c30	-1	0.0036731	0.308541	0.306399	5	ACCGGC	CCAGCAAAC	+
AMCGGC	EXPREG_000005c0	9	0.00720426	0.605158	0.400639	6	ACCGGC	TCGGGGACTAATGGCCCTAG	+
CCWGTTC	EXPREG_000005d0	9	0.0111953	0.940403	0.691343	7	CCTGTTC	TATCGAACACATGTTCGATA	+
AAGAMC	EXPREG_00000700	3	0.00085992	0.0722333	0.133494	6	AAGACC	ATCAAGACCATGCC	-
AAGAMC	EXPREG_00001480	11	0.00163844	0.137629	0.133494	6	AAGACC	CAGAACAAATCAAGAACAT	-
AAGAMC	EXPREG_000013e0	3	0.00242976	0.2041	0.133494	6	AAGACC	AATAAGAACGTATGTTCGTTTT	+
AAGAMC	EXPREG_000006f0	18	0.00328591	0.276017	0.135399	6	AAGACC	ATCCTTCCCAGGTGCATCAAGACCTTGC	+

# Tomtom (Motif Comparison Tool): Version 5.1.1 compiled on Aug 30 2020 at 12:36:15
# The format of this file is described at http://meme-suite.org/doc/tomtom-output-format.html.
# tomtom -verbosity 1 -oc MEME_CHIP_Motif/t48_peaks_anr/dreme_tomtom_out -min-overlap 5 -dist pearson -evalue -thresh 1 -no-ssc MEME_CHIP_Motif/t48_peaks_anr/dreme_out/dreme.xml collectf.meme
